<?xml version="1.0" encoding="UTF-8"?>
<project-private xmlns="http://www.netbeans.org/ns/project-private/1">
    <editor-bookmarks xmlns="http://www.netbeans.org/ns/editor-bookmarks/2" lastBookmarkId="0"/>
    <open-files xmlns="http://www.netbeans.org/ns/projectui-open-files/2">
        <group>
            <file>file:/C:/Users/mohammed/Documents/NetBeansProjects/EditeurAlgoESI_24-10-2015/src/editeuralgoesi/Editeur.java</file>
            <file>file:/C:/Users/mohammed/Documents/NetBeansProjects/EditeurAlgoESI_24-10-2015/src/editeuralgoesi/FXMLDocumentController.java</file>
            <file>file:/C:/Users/mohammed/Documents/NetBeansProjects/EditeurAlgoESI_24-10-2015/src/editeuralgoesi/Affectation.java</file>
            <file>file:/C:/Users/mohammed/Documents/NetBeansProjects/EditeurAlgoESI_24-10-2015/src/editeuralgoesi/Ecriture.java</file>
            <file>file:/C:/Users/mohammed/Documents/NetBeansProjects/EditeurAlgoESI_24-10-2015/src/editeuralgoesi/BouclePourEntete.java</file>
        </group>
    </open-files>
</project-private>
